,id1,id2
0,1693644,2788947
1,1656693,2382820
2,1015840,2262088
3,1082243,2240031
4,1578775,2726070
5,1490443,2502340
6,1338823,2942437
7,1559720,2468662
8,1365657,2219940
9,1825224,2512901
10,1625955,2482901
11,1475328,2287305
12,1672391,2772318
13,1112525,2328187
14,1240267,2374408
15,1202273,2104187
16,1939693,2972013
17,1570928,2871550
18,1789396,2576565
19,1394156,2170863
20,1336325,2817911
21,1453314,2536880
22,1665897,2328645
23,1750853,2410418
24,1234885,2463213
25,1762314,2866847
26,1850033,2139548
27,1413600,2954351
28,1868876,2428853
29,1367720,2703596
30,1432377,2233483
31,1859951,2206236
32,1052834,2738887
33,1732333,2801028
34,1862898,2298150
35,1407713,2264998
36,1309071,2960473
37,1275296,2978383
38,1842320,2717087
39,1640075,2899771
40,1386761,2747743
41,1664687,2344231
42,1969808,2804394
43,1729477,2540382
44,1459797,2012251
45,1037270,2754052
46,1359064,2312059
47,1176018,2096354
48,1803483,2631833
49,1611560,2082801
50,1263357,2510276
51,1281700,2460416
52,1719043,2395495
53,1623963,2126874
54,1883244,2316131
55,1279985,2123834
56,1136130,2651613
57,1261174,2003254
58,1405046,2689470
59,1513017,2519380
60,1997115,2664544
61,1037385,2669339
62,1385248,2331482
63,1047969,2646256
64,1169706,2519380
65,1126544,2932318
66,1558190,2531474
67,1378185,2263770
68,1891305,2965755
69,1051519,2668987
70,1879335,2416138
71,1089232,2971136
72,1198390,2244245
73,1647279,2029708
74,1880337,2536549
75,1439632,2222451
76,1511648,2366788
77,1508749,2597405
78,1289722,2699389
79,1317487,2733315
80,1835544,2094041
81,1643137,2694917
82,1310896,2953943
83,1565324,2282775
84,1503846,2456462
85,1445664,2744659
86,1880436,2484131
87,1203628,2883279
88,1265850,2203765
89,1520205,2512833
90,1558436,2941200
91,1211059,2419423
92,1071046,2978672
93,1495369,2225664
94,1465810,2626829
95,1349204,2559025
96,1763753,2714098
97,1818571,2741648
98,1709095,2018289
99,1321262,2572134
100,1762699,2522138
101,1504390,2129580
102,1572707,2120523
103,1597348,2892608
104,1784134,2196426
105,1030869,2018061
106,1247696,2871550
107,1925337,2334509
108,1413581,2510276
109,1657947,2387407
110,1105300,2741648
111,1595615,2381513
112,1920933,2154098
113,1301528,2388795
114,1376512,2390413
115,1250993,2367412
116,1365359,2312777
117,1842793,2279657
118,1098326,2028597
119,1780456,2585406
120,1686912,2208302
121,1454457,2826391
122,1246063,2423204
123,1624832,2907815
124,1737349,2376619
125,1009228,2291502
126,1394324,2406046
127,1530441,2851954
128,1886914,2320328
129,1154918,2029708
130,1647816,2141321
131,1546324,2210070
132,1640198,2126843
133,1814836,2191309
134,1268594,2416871
135,1852659,2883995
136,1449724,2797058
137,1280370,2077060
138,1718560,2512833
139,1369853,2586593
140,1345195,2247735
141,1689144,2553589
142,1681941,2393702
143,1809495,2353469
144,1511627,2375899
145,1393313,2049524
146,1640386,2951729
147,1479756,2631104
148,1698307,2877790
149,1897715,2988690
150,1625509,2553154
151,1489571,2336685
152,1087522,2323698
153,1019940,2960762
154,1241986,2080804
155,1099315,2302283
156,1573593,2962914
157,1710063,2459952
158,1442949,2814212
159,1303895,2060878
160,1518443,2152558
161,1447681,2383935
162,1424177,2190108
163,1653703,2634888
164,1068015,2094284
165,1671448,2986138
166,1655028,2336209
167,1114962,2125152
168,1689039,2996296
169,1054324,2368464
170,1487253,2845229
171,1014270,2475433
172,1699511,2423568
173,1815012,2669339
174,1883447,2411086
175,1700074,2491348
176,1068912,2977555
177,1149104,2008015
178,1602451,2595886
179,1487566,2179576
180,1944073,2699855
181,1775562,2016884
182,1379142,2049104
183,1156995,2015332
184,1398141,2423844
185,1759233,2548243
186,1626497,2828474
187,1293117,2390121
188,1938344,2848792
189,1214725,2687325
190,1496173,2986138
191,1080950,2977512
192,1022407,2379544
193,1733435,2726070
194,1774467,2043062
195,1722347,2898897
196,1945523,2317808
197,1455119,2123879
198,1634159,2919978
199,1772256,2356020
200,1043294,2011593
201,1736780,2455217
202,1275674,2585649
203,1496628,2370919
204,1066972,2077060
205,1661047,2436004
206,1324664,2216319
207,1229758,2380405
208,1394310,2157060
209,1242267,2711447
210,1212863,2438364
211,1384127,2833287
212,1444662,2652991
213,1555930,2008015
214,1533758,2247914
215,1091323,2580521
216,1952749,2041945
217,1234030,2765759
218,1903259,2384404
219,1913074,2833287
220,1071371,2492831
221,1746743,2287715
222,1565038,2970300
223,1646969,2391616
224,1194205,2457237
225,1608064,2566189
226,1205438,2197881
227,1057090,2446438
228,1582409,2490933
229,1947879,2768076
230,1976242,2863326
231,1443677,2614962
232,1705968,2010732
233,1634536,2186394
234,1544805,2866935
235,1033340,2007230
236,1592908,2741399
237,1558715,2855038
238,1657372,2394834
239,1742271,2606497
240,1105431,2773432
241,1032414,2281181
242,1020803,2334509
243,1069100,2216319
244,1413559,2536549
245,1939842,2621073
246,1561925,2864460
247,1398679,2937879
248,1552235,2076739
249,1723127,2885494
250,1589796,2325256
251,1228774,2057203
252,1035340,2012309
253,1174826,2886225
254,1554200,2298150
255,1049315,2996085
256,1739445,2365559
257,1518811,2060878
258,1836286,2157690
259,1115905,2684357
260,1917113,2794857
261,1365005,2964875
262,1264075,2595659
263,1591735,2421876
264,1033014,2780851
265,1573803,2945908
266,1349492,2319603
267,1647255,2577782
268,1767001,2741059
269,1989543,2648261
270,1346222,2279276
271,1135077,2436503
272,1609763,2599492
273,1582338,2715072
274,1422594,2387407
275,1425522,2407329
276,1815926,2147974
277,1807277,2272042
278,1071975,2483290
279,1073167,2434651
280,1437317,2557501
281,1939416,2162267
282,1272978,2046962
283,1644328,2901902
284,1851387,2196665
285,1439276,2703845
286,1018096,2664499
287,1130238,2185376
288,1355571,2597649
289,1084368,2055444
290,1889787,2246083
291,1239616,2064410
292,1937660,2624076
293,1420880,2845229
294,1286747,2000101
295,1118207,2801955
296,1495759,2835719
297,1429365,2345375
298,1462679,2354331
299,1511919,2409250
300,1505332,2300530
301,1091138,2503291
302,1139711,2648261
303,1322831,2914372
304,1463162,2720167
305,1170562,2907878
306,1598759,2263770
307,1373388,2930124
308,1155286,2238180
309,1995866,2267230
310,1546680,2132256
311,1487308,2025256
312,1205881,2587829
313,1743196,2170863
314,1709244,2935315
315,1868141,2967374
316,1958691,2477471
317,1602119,2560062
318,1127318,2330455
319,1532050,2821922
320,1739726,2053299
321,1907336,2105949
322,1728616,2937035
323,1769461,2354633
324,1037540,2398664
325,1971099,2186103
326,1421006,2053973
327,1144305,2928117
328,1711382,2804411
329,1548716,2330455
330,1805517,2664544
331,1607746,2260151
332,1857508,2069883
333,1290086,2759164
334,1727619,2825006
335,1802641,2672731
336,1842832,2678344
337,1910107,2560781
338,1034104,2564392
339,1169901,2779648
340,1448616,2343419
341,1115066,2147884
342,1225845,2091165
343,1184840,2796764
344,1937387,2688514
345,1016062,2684974
346,1274104,2553083
347,1056401,2990243
348,1444501,2480524
349,1666951,2639225
350,1513168,2204436
351,1936337,2286659
352,1007529,2964273
353,1932044,2028477
354,1467852,2476711
355,1772615,2802929
356,1285485,2683157
357,1360335,2334509
358,1063793,2363646
359,1929308,2716016
360,1236813,2077082
361,1919554,2141731
362,1264892,2847501
363,1455018,2355966
364,1948833,2747517
365,1514073,2071298
366,1553743,2970460
367,1412273,2592165
368,1324137,2400070
369,1711408,2011674
370,1388928,2176846
371,1106546,2631104
372,1474206,2988079
373,1335506,2917648
374,1402468,2030644
375,1005192,2764090
376,1517904,2311644
377,1162733,2135394
378,1524935,2555815
379,1511589,2627247
380,1246932,2338452
381,1530451,2994762
382,1403030,2081570
383,1040984,2029708
384,1393753,2711266
385,1757776,2439990
386,1591494,2976216
387,1534160,2271720
388,1184647,2271359
389,1814623,2336098
390,1167117,2612052
391,1283523,2887818
392,1939951,2007718
393,1703008,2774818
394,1088087,2841804
395,1491865,2117577
396,1137666,2453015
397,1633102,2022088
398,1885368,2079187
399,1311835,2141069
400,1626174,2738291
401,1971874,2160696
402,1736426,2572503
403,1403777,2540031
404,1108544,2437004
405,1172679,2354389
406,1255190,2743769
407,1726187,2600317
408,1466700,2928594
409,1570517,2109344
410,1306494,2777723
411,1037226,2130828
412,1449853,2216319
413,1133014,2214867
414,1128555,2224564
415,1622606,2156298
416,1383713,2843512
417,1695830,2423565
418,1399508,2455653
419,1445888,2203559
420,1304683,2550862
421,1088711,2187102
422,1924740,2649529
423,1900431,2698098
424,1240450,2627247
425,1451110,2028477
426,1829108,2462012
427,1028719,2402834
428,1627884,2317605
429,1595762,2827142
430,1184518,2120523
431,1329007,2901902
432,1133936,2387717
433,1813733,2129824
434,1539628,2356692
435,1935156,2860994
436,1184079,2098653
437,1650284,2333384
438,1113144,2099758
439,1569403,2960762
440,1487789,2279657
441,1885929,2650571
442,1306500,2276293
443,1787109,2601583
444,1201668,2565350
445,1026302,2558519
446,1545038,2411086
447,1271498,2052110
448,1853973,2310728
449,1311190,2580521
450,1144420,2514531
451,1064437,2819495
452,1416580,2511443
453,1486888,2195461
454,1346402,2990455
455,1829209,2646256
456,1001966,2488689
457,1805291,2340955
458,1018651,2893229
459,1777193,2726070
460,1789730,2692717
461,1291129,2833287
462,1701169,2057110
463,1929946,2970517
464,1773088,2751562
465,1454494,2629038
466,1595827,2817312
467,1536086,2267560
468,1369080,2566189
469,1414707,2069927
470,1734382,2204090
471,1335523,2614732
472,1465742,2844752
473,1288117,2836704
474,1522415,2634888
475,1609183,2710205
476,1816988,2003982
477,1242485,2472348
478,1980783,2365930
479,1480412,2118797
480,1670349,2037572
481,1242548,2038148
482,1920045,2684211
483,1289045,2944945
484,1025200,2888541
485,1387940,2483139
486,1632100,2335526
487,1073113,2398595
488,1062494,2526597
489,1030061,2688468
490,1080445,2236836
491,1143315,2318081
492,1624112,2897495
493,1817334,2841115
494,1058108,2570720
495,1986717,2381945
496,1325894,2231743
497,1497846,2816416
498,1495312,2634888
499,1951032,2335415
500,1237357,2129766
501,1690847,2845247
502,1207238,2195755
503,1336126,2920916
504,1780522,2219201
505,1034799,2537709
506,1833571,2147765
507,1010639,2899771
508,1657173,2057344
509,1790508,2604807
510,1620051,2292240
511,1350546,2238904
512,1720842,2109344
513,1078913,2903471
514,1949066,2961030
515,1886944,2328645
516,1396557,2841115
517,1816543,2895306
518,1658983,2640888
519,1336597,2841115
520,1641724,2191593
521,1578998,2184610
522,1057482,2164231
523,1687962,2964169
524,1002185,2363276
525,1431631,2627620
526,1059665,2753512
527,1378057,2629692
528,1276424,2636302
529,1080858,2202728
530,1289047,2934513
531,1856894,2044151
532,1609595,2474629
533,1388034,2657746
534,1875913,2819885
535,1258440,2843512
536,1909736,2804762
537,1577431,2779063
538,1275248,2742712
539,1606711,2321877
540,1275387,2488047
541,1347871,2420213
542,1977464,2743848
543,1495582,2963975
544,1424255,2520177
545,1885506,2986721
546,1216702,2712017
547,1337599,2863326
548,1019218,2104540
549,1258745,2355966
550,1627069,2212373
551,1239705,2474599
552,1275531,2495681
553,1781355,2999753
554,1446756,2619878
555,1260403,2638767
556,1980971,2999248
557,1909303,2863326
558,1495548,2498079
559,1622019,2048764
560,1050936,2022486
561,1046924,2111411
562,1583269,2029708
563,1629356,2420882
564,1344425,2128786
565,1246826,2196554
566,1845170,2407444
567,1346465,2301539
568,1828385,2674381
569,1179590,2628798
570,1350159,2164207
571,1936596,2342351
572,1495098,2841036
573,1753064,2056816
574,1711725,2980379
575,1550576,2413705
576,1996797,2195271
577,1557122,2123103
578,1057012,2493334
579,1941908,2898499
580,1684601,2328335
581,1597666,2695735
582,1358487,2863986
583,1425221,2788947
584,1202607,2642616
585,1842118,2325887
586,1548115,2722502
587,1654561,2336803
588,1724158,2312777
589,1990075,2041049
590,1456560,2579782
591,1895550,2881075
592,1533895,2271212
593,1142954,2185376
594,1177347,2041429
595,1128365,2819787
596,1089934,2128849
597,1355812,2252707
598,1587036,2579064
599,1899767,2303921
600,1363818,2604095
601,1104075,2549537
602,1885711,2473626
603,1223026,2627729
604,1360152,2714098
605,1734860,2176448
606,1129517,2494243
607,1931822,2054603
608,1216744,2663823
609,1667399,2056325
610,1723132,2457231
611,1188852,2146696
612,1078348,2787455
613,1959643,2053406
614,1695037,2731508
615,1256437,2983647
616,1580304,2038431
617,1567730,2140036
618,1898448,2763461
619,1637900,2209086
620,1804922,2888541
621,1549255,2005256
622,1450077,2716523
623,1077717,2932619
624,1741242,2668546
625,1558798,2817065
626,1816430,2451350
627,1873208,2115099
628,1645475,2936603
629,1780037,2603370
630,1433923,2544211
631,1139383,2622074
632,1627000,2085329
633,1870013,2001657
634,1794734,2400142
635,1413127,2473873
636,1666332,2907041
637,1955035,2264030
638,1540455,2098427
639,1884822,2517141
640,1878347,2843069
641,1290394,2100338
642,1873931,2173093
643,1219865,2962345
644,1011225,2715340
645,1208028,2393690
646,1418697,2927328
647,1583266,2839126
648,1638622,2755019
649,1660840,2525003
650,1833828,2695735
651,1742841,2799781
652,1899907,2726959
653,1098516,2897259
654,1770007,2896728
655,1009385,2779369
656,1746217,2044245
657,1814616,2218716
658,1147750,2881788
659,1479083,2323698
660,1785729,2979168
661,1107483,2425799
662,1196483,2895452
663,1017939,2885674
664,1384988,2538126
665,1304370,2236378
666,1229754,2932767
667,1165149,2130828
668,1612731,2130828
669,1316141,2930124
670,1030821,2665643
671,1148422,2773461
672,1873748,2360466
673,1627157,2250886
674,1283697,2776815
675,1194695,2217153
676,1659226,2018289
677,1171476,2774284
678,1502439,2045695
679,1690930,2117934
680,1759264,2012641
681,1976658,2711266
682,1007351,2321043
683,1268228,2514834
684,1188525,2571595
685,1272281,2109393
686,1588751,2419423
687,1972625,2306507
688,1321491,2592498
689,1398896,2416250
690,1949761,2657746
691,1413397,2058368
692,1682307,2588754
693,1406313,2821458
694,1163491,2353469
695,1057244,2759724
696,1467653,2922169
697,1893135,2321985
698,1686286,2193203
699,1798350,2519032
700,1207153,2518664
701,1020505,2048036
702,1736233,2562355
703,1588086,2533291
704,1679626,2018061
705,1246446,2930124
706,1468046,2160369
707,1992404,2038431
708,1901300,2781755
709,1779429,2535415
710,1372417,2676468
711,1631079,2233605
712,1342159,2014642
713,1203914,2256698
714,1635934,2746308
715,1819111,2469157
716,1259379,2511750
717,1396217,2906296
718,1258102,2355197
719,1610114,2907325
720,1495960,2892916
721,1359972,2074234
722,1868278,2842367
723,1389865,2494859
724,1822047,2702170
725,1861820,2293795
726,1461487,2402250
727,1438785,2483064
728,1948058,2089596
729,1069130,2692433
730,1600914,2907203
731,1534298,2795019
732,1131079,2888257
733,1555021,2117577
734,1496191,2317128
735,1231188,2907878
736,1824164,2354753
737,1361247,2442853
738,1081161,2922401
739,1724253,2353114
740,1482471,2012460
741,1964107,2272642
742,1894390,2003254
743,1999668,2355197
744,1777860,2412667
745,1381139,2095182
746,1155955,2607509
747,1704949,2761819
748,1503171,2354633
749,1366612,2682172
750,1904808,2076937
751,1494146,2006617
752,1133256,2947705
753,1740665,2117998
754,1303506,2270270
755,1991501,2690456
756,1973697,2928594
757,1475296,2877866
758,1851325,2287547
759,1380651,2492831
760,1608260,2129881
761,1235435,2547848
762,1720695,2916623
763,1024160,2906082
764,1458445,2379080
765,1199190,2357313
766,1152633,2835765
767,1022749,2891673
768,1693014,2189186
769,1880455,2481973
770,1054926,2120523
771,1728296,2605193
772,1693880,2954514
773,1268085,2674111
774,1518604,2337363
775,1579197,2336098
776,1758603,2214867
777,1270611,2763154
778,1781650,2038546
779,1452443,2210549
780,1909086,2631104
781,1957021,2500794
782,1282262,2190160
783,1181542,2083031
784,1682582,2755499
785,1244836,2408956
786,1451899,2468113
787,1195367,2097476
788,1113837,2963985
789,1193112,2953455
790,1506288,2928594
791,1300132,2701918
792,1972233,2594754
793,1183481,2195755
794,1201631,2908150
795,1587237,2073203
796,1840969,2677357
797,1061595,2673441
798,1774504,2801427
799,1093521,2154098
800,1519694,2302416
801,1336041,2763646
802,1215318,2193179
803,1691850,2186521
804,1185268,2595659
805,1567933,2334057
806,1652621,2097000
807,1672660,2900346
808,1088533,2450369
809,1737911,2863326
810,1000868,2699292
811,1349403,2187574
812,1603696,2228075
813,1670965,2270249
814,1247596,2365930
815,1820424,2295836
816,1304358,2120523
817,1996849,2250408
818,1743821,2571837
819,1012905,2018131
820,1625444,2606437
821,1295496,2776790
822,1336828,2383935
823,1318921,2424703
824,1279412,2121074
825,1374729,2095520
826,1767527,2940222
827,1284977,2718404
828,1679236,2038305
829,1261373,2712941
830,1070303,2979464
831,1401623,2047508
832,1768403,2528477
833,1971477,2673603
834,1699175,2906296
835,1548123,2010729
836,1295093,2659464
837,1109928,2447833
838,1705535,2309344
839,1248272,2473873
840,1946523,2202630
841,1555900,2691151
842,1656988,2171598
843,1782327,2695735
844,1065995,2045248
845,1844023,2031328
846,1361954,2602440
847,1354665,2311811
848,1199003,2319493
849,1231372,2855038
850,1054702,2161469
851,1339984,2402949
852,1259453,2797617
853,1624208,2194146
854,1101532,2963162
855,1256629,2612638
856,1047828,2690631
857,1804464,2376619
858,1824788,2236919
859,1546190,2095743
860,1658504,2814372
861,1288821,2184300
862,1829683,2930124
863,1715918,2461863
864,1447926,2994762
865,1533542,2692717
866,1501071,2893856
867,1336133,2579064
868,1090855,2635043
869,1668811,2917844
870,1698074,2212373
871,1541310,2400070
872,1385794,2472609
873,1308102,2808262
874,1840073,2392197
875,1616103,2970460
876,1154935,2792004
877,1319989,2241655
878,1827071,2819495
879,1662493,2969032
880,1761871,2402446
881,1297564,2791855
882,1902489,2605009
883,1463081,2707290
884,1060377,2601838
885,1939915,2182742
886,1471560,2342108
887,1134674,2858743
888,1188418,2926583
889,1340692,2973049
890,1844292,2696112
891,1505428,2513754
892,1742711,2680676
893,1141477,2352563
894,1005142,2461863
895,1426410,2717763
896,1306382,2670053
897,1226309,2340955
898,1583024,2341948
899,1570600,2902280
900,1196504,2029032
901,1345296,2877866
902,1468379,2888833
903,1661351,2300479
904,1233107,2117577
905,1893231,2673441
906,1207786,2174016
907,1347899,2195523
908,1665334,2013308
909,1653191,2664627
910,1380777,2293062
911,1574649,2062987
912,1428396,2762796
913,1641328,2270331
914,1426136,2674111
915,1416861,2257065
916,1941490,2126867
917,1572527,2274041
918,1782309,2640120
919,1354507,2834820
920,1969200,2210418
921,1130430,2008356
922,1220348,2271998
923,1896873,2116866
924,1902066,2086796
925,1442079,2794003
926,1747390,2419498
927,1363217,2831351
928,1267264,2886015
929,1544707,2886015
930,1615285,2029708
931,1647719,2877790
932,1190694,2320157
933,1417657,2029708
934,1072365,2876990
935,1078941,2120396
936,1725848,2975435
937,1407561,2082259
938,1160249,2684357
939,1678717,2518464
940,1968066,2327766
941,1207461,2136665
942,1996513,2252707
943,1271314,2570674
944,1877821,2787241
945,1659571,2842149
946,1598830,2533964
947,1700952,2901902
948,1916535,2817508
949,1827757,2535561
950,1192489,2919586
951,1095503,2989815
952,1894358,2602440
953,1456725,2156298
954,1187102,2120678
955,1561119,2250389
956,1467975,2922302
957,1965285,2881277
958,1075443,2365930
959,1168529,2965903
960,1636401,2521886
961,1603221,2710777
962,1659964,2298150
963,1891638,2621405
964,1354411,2844312
965,1628327,2493397
966,1401541,2998617
967,1706894,2049524
968,1537683,2413794
969,1761195,2590993
970,1766915,2243291
971,1018039,2757593
972,1750386,2618379
973,1756091,2817508
974,1806269,2611099
975,1047864,2899771
976,1727355,2745397
977,1093647,2492987
978,1318876,2218124
979,1237375,2879555
980,1543929,2657746
981,1957741,2235380
982,1275916,2083049
983,1646757,2748838
984,1905347,2571461
985,1735587,2676468
986,1831619,2596529
987,1712216,2771294
988,1359473,2680020
989,1355184,2791645
990,1599560,2683845
991,1503954,2373900
992,1063605,2373900
993,1988176,2655051
994,1008225,2079534
995,1330987,2176846
996,1203481,2758526
997,1391371,2828758
998,1876995,2327729
999,1155263,2199384
1000,1776113,2347466
1001,1706646,2689850
1002,1155093,2821458
1003,1787216,2817911
1004,1921297,2681203
1005,1526079,2585760
1006,1653964,2410447
1007,1249246,2663293
1008,1644436,2126754
1009,1214363,2416648
1010,1884423,2117449
1011,1293486,2642288
1012,1849637,2333428
1013,1032738,2377999
1014,1665186,2636302
1015,1595797,2528477
1016,1495822,2405964
1017,1812533,2322445
1018,1495853,2977555
1019,1277490,2134786
1020,1035303,2941912
1021,1461919,2801755
1022,1109436,2814103
1023,1763804,2600655
1024,1150894,2227484
1025,1130598,2197495
1026,1692140,2536880
1027,1240757,2286243
1028,1222295,2647031
1029,1925519,2195755
1030,1058028,2216281
1031,1421968,2622065
1032,1822015,2407631
1033,1756078,2700631
1034,1772648,2097476
1035,1978372,2939903
1036,1010009,2032805
1037,1396652,2331630
1038,1521873,2791761
1039,1154074,2742049
1040,1882685,2835719
1041,1267925,2354402
1042,1231516,2456977
1043,1978870,2877790
1044,1573047,2811134
1045,1126501,2872861
1046,1844999,2262972
1047,1054685,2498685
1048,1556576,2227802
1049,1243779,2320563
1050,1952477,2746037
1051,1927326,2161320
1052,1828940,2101207
1053,1772384,2684384
1054,1144643,2949715
1055,1255827,2315781
1056,1173078,2773996
1057,1642645,2917744
1058,1023539,2407593
1059,1738264,2691429
1060,1184196,2378874
1061,1252107,2666507
1062,1263813,2702116
1063,1524222,2102367
1064,1256527,2680031
1065,1375617,2414379
1066,1026033,2998617
1067,1934153,2566358
1068,1620476,2857801
1069,1801914,2442286
1070,1933089,2094625
1071,1477541,2891591
1072,1837836,2612185
1073,1906790,2823671
1074,1163279,2352563
1075,1669949,2029732
1076,1669032,2719472
1077,1884886,2084019
1078,1287700,2083233
1079,1714193,2083682
1080,1821046,2189495
1081,1194652,2637820
1082,1530577,2760508
1083,1962861,2964839
1084,1028482,2443827
1085,1122187,2121074
1086,1984294,2330044
1087,1028076,2319707
1088,1015192,2973993
1089,1822016,2768461
1090,1657662,2159955
1091,1555950,2898028
1092,1774131,2260427
1093,1015113,2522180
1094,1443741,2248155
1095,1318913,2120271
1096,1729058,2189784
1097,1917081,2660007
1098,1986788,2306048
1099,1965992,2510427
1100,1628175,2000426
1101,1283556,2366788
1102,1569533,2029032
1103,1449202,2885121
1104,1529991,2886225
1105,1783080,2674381
1106,1938308,2360773
1107,1828695,2462012
1108,1983164,2980716
1109,1881019,2029732
1110,1355780,2290220
1111,1338332,2969057
1112,1912546,2013308
1113,1564620,2711882
1114,1808445,2844968
1115,1813965,2446958
1116,1208620,2726585
1117,1741349,2271727
1118,1458425,2664544
1119,1092841,2139196
1120,1352685,2032577
1121,1380791,2631104
1122,1705064,2985112
1123,1461831,2281331
1124,1055083,2177132
1125,1740271,2046165
1126,1507204,2657587
1127,1755086,2792951
1128,1350718,2685680
1129,1161822,2082622
1130,1602040,2709491
1131,1874951,2170108
1132,1175586,2109063
1133,1000773,2538498
1134,1510666,2928594
1135,1273795,2719875
1136,1303338,2072922
1137,1704031,2295025
1138,1509991,2830884
1139,1152711,2658029
1140,1276115,2187309
1141,1831403,2627916
1142,1083117,2247187
1143,1701088,2089901
1144,1938229,2682100
1145,1749637,2683661
1146,1987051,2144004
1147,1024561,2306676
1148,1562074,2190644
1149,1934213,2522658
1150,1641346,2718404
1151,1034217,2482095
1152,1784343,2945317
1153,1951592,2560062
1154,1234131,2264661
1155,1597156,2888563
1156,1539423,2707290
1157,1430115,2231885
1158,1471662,2821247
1159,1723313,2772324
1160,1049828,2830378
1161,1147651,2047959
1162,1726013,2119670
1163,1713536,2585414
1164,1345989,2625754
1165,1582572,2857572
1166,1738071,2616915
1167,1057856,2537434
1168,1901330,2469760
1169,1680869,2658106
1170,1627403,2943851
1171,1864906,2005843
1172,1750246,2247914
1173,1158949,2559025
1174,1303904,2191532
1175,1470420,2853769
1176,1314100,2056149
1177,1715545,2280703
1178,1634398,2476711
1179,1378953,2452487
1180,1551190,2301293
1181,1658985,2228075
1182,1871475,2111411
1183,1224340,2411295
1184,1705926,2400070
1185,1359791,2538868
1186,1257969,2250609
1187,1809436,2470853
1188,1668203,2324555
1189,1570710,2695784
1190,1063832,2887239
1191,1340474,2561242
1192,1058985,2279657
1193,1564053,2288577
1194,1291213,2591078
1195,1277988,2054603
1196,1573746,2766325
1197,1061910,2515689
1198,1179021,2798715
1199,1728619,2488047
1200,1825115,2082891
1201,1620073,2365559
1202,1980925,2843236
1203,1317271,2605009
1204,1894711,2018647
1205,1970176,2428853
1206,1472422,2441889
1207,1936187,2328329
1208,1623769,2994183
1209,1173043,2031439
1210,1221857,2912900
1211,1212921,2091638
1212,1413911,2147137
1213,1808196,2483809
1214,1478787,2372484
1215,1349847,2831115
1216,1937056,2765759
1217,1464571,2220627
1218,1641972,2301293
1219,1476809,2334509
1220,1571941,2460416
1221,1357283,2757285
1222,1039977,2552279
1223,1054486,2004201
1224,1186747,2176603
1225,1052771,2067388
1226,1116125,2213433
1227,1087404,2235183
1228,1095930,2054987
1229,1440872,2889970
1230,1985318,2308702
1231,1452288,2939503
1232,1410783,2657746
1233,1237610,2865476
1234,1270753,2029708
1235,1921035,2406837
1236,1770702,2013993
1237,1420782,2720656
1238,1812922,2827064
1239,1093422,2598156
1240,1604491,2161721
1241,1252483,2871550
1242,1514154,2515845
1243,1141845,2485270
1244,1658103,2376945
1245,1651018,2835719
1246,1138372,2064410
1247,1025008,2736395
1248,1247828,2000436
1249,1979073,2795889
1250,1587947,2903183
1251,1596532,2644021
1252,1261495,2966334
1253,1021449,2083478
1254,1350966,2030614
1255,1936552,2536549
1256,1632520,2204725
1257,1372010,2240315
1258,1727457,2843836
1259,1818295,2849714
1260,1376060,2894591
1261,1195818,2586281
1262,1991839,2833287
1263,1492627,2970517
1264,1705310,2194146
1265,1702505,2451192
1266,1424330,2639461
1267,1001103,2371969
1268,1335554,2257215
1269,1051990,2204725
1270,1366057,2784719
1271,1013111,2474148
1272,1148909,2480508
1273,1435476,2239450
1274,1355094,2962677
1275,1814643,2847595
1276,1291413,2231903
1277,1535146,2474506
1278,1557985,2152312
1279,1149839,2402890
1280,1601718,2637365
1281,1196594,2213163
1282,1822572,2947164
1283,1518751,2552833
1284,1581397,2411086
1285,1928724,2204725
1286,1653855,2109393
1287,1928650,2040676
1288,1959249,2960892
1289,1236666,2251015
1290,1352532,2204725
1291,1486572,2328187
1292,1331718,2217321
1293,1765879,2849714
1294,1789281,2562355
1295,1375673,2655972
1296,1843066,2450938
1297,1027378,2601477
1298,1315315,2657746
1299,1283457,2130741
1300,1286823,2854527
1301,1160008,2016566
1302,1069674,2960998
1303,1374813,2279178
1304,1181119,2597129
1305,1373881,2237635
1306,1577682,2685702
1307,1071262,2605760
1308,1132869,2131400
1309,1382167,2458579
1310,1829263,2051831
1311,1328033,2908150
1312,1837709,2794977
1313,1229569,2056723
1314,1049238,2409816
1315,1143728,2318540
1316,1049299,2635760
1317,1503263,2800220
1318,1133635,2186873
1319,1877950,2147974
1320,1657050,2531281
1321,1508171,2157060
1322,1997272,2508384
1323,1151815,2521795
1324,1760147,2057935
1325,1166829,2451034
1326,1243236,2900346
1327,1870712,2817065
1328,1807608,2298439
1329,1432262,2243493
1330,1605719,2677328
1331,1149538,2094284
1332,1876343,2628798
1333,1861939,2746413
1334,1231865,2294216
1335,1589963,2922774
1336,1533080,2365202
1337,1058560,2819867
1338,1526656,2315334
1339,1644440,2765759
1340,1945971,2548243
1341,1846048,2480590
1342,1329481,2834112
1343,1198602,2068584
1344,1536137,2876697
1345,1603249,2594709
1346,1099134,2823671
1347,1668275,2503291
1348,1367782,2351984
1349,1221125,2498808
1350,1485439,2472508
1351,1236232,2597129
1352,1661909,2776770
1353,1941543,2840019
1354,1176732,2826232
1355,1322248,2592079
1356,1219845,2636302
1357,1294069,2350155
1358,1233872,2572490
1359,1862368,2592703
1360,1425878,2946695
1361,1089102,2347466
1362,1375446,2777723
1363,1837961,2632840
1364,1673503,2808262
1365,1501222,2152558
1366,1363661,2976201
1367,1033593,2741174
1368,1760554,2130828
1369,1067984,2723849
1370,1895921,2327766
1371,1660757,2887875
1372,1492229,2937321
1373,1559257,2166866
1374,1121916,2739181
1375,1775808,2909461
1376,1961009,2436171
1377,1732073,2129580
1378,1857141,2599831
1379,1769308,2845050
1380,1747739,2748773
1381,1289838,2852775
1382,1681597,2673005
1383,1378315,2701814
1384,1345819,2250010
1385,1589971,2676468
1386,1760578,2102524
1387,1572950,2828474
1388,1007791,2149057
1389,1859753,2899351
1390,1141147,2625754
1391,1462601,2626061
1392,1261863,2035085
1393,1350710,2779447
1394,1846030,2611144
1395,1962991,2156065
1396,1333760,2521108
1397,1060611,2177413
1398,1967475,2388795
1399,1261227,2927621
1400,1212513,2902280
1401,1144089,2520564
1402,1415528,2371006
1403,1466231,2506568
1404,1112812,2203496
1405,1351442,2811581
1406,1638784,2086542
1407,1922530,2654293
1408,1010714,2388404
1409,1643948,2937321
1410,1854163,2254007
1411,1505234,2749361
1412,1684279,2239134
1413,1788703,2668546
1414,1536939,2815134
1415,1831382,2596444
1416,1684362,2811415
1417,1553995,2760508
1418,1556364,2406730
1419,1934815,2991655
1420,1237988,2899604
1421,1593963,2729858
1422,1322892,2767750
1423,1421981,2098905
1424,1123847,2602236
1425,1551359,2750352
1426,1620564,2978734
1427,1540136,2503291
1428,1674840,2674156
1429,1735402,2582452
1430,1152329,2679377
1431,1460013,2118797
1432,1377851,2801360
1433,1784999,2279657
1434,1498946,2336388
1435,1995280,2029708
1436,1282945,2449920
1437,1899073,2057135
1438,1008540,2639461
1439,1673737,2622677
1440,1829689,2692964
1441,1826776,2495661
1442,1011995,2957529
1443,1483461,2559792
1444,1952633,2777201
1445,1419158,2195271
1446,1701293,2119997
1447,1793574,2052388
1448,1100809,2364806
1449,1920940,2602629
1450,1219713,2047765
1451,1838194,2330581
1452,1633767,2931902
1453,1245996,2330044
1454,1856597,2864460
1455,1752587,2922589
1456,1078626,2720336
1457,1117217,2863326
1458,1703383,2147378
1459,1288184,2156547
1460,1312416,2932318
1461,1189391,2695735
1462,1029501,2985122
1463,1175471,2095182
1464,1181943,2395495
1465,1369446,2835719
1466,1867024,2077082
1467,1938164,2503291
1468,1830172,2280174
1469,1691366,2639461
1470,1391972,2696112
1471,1929126,2783821
1472,1168430,2744029
1473,1076936,2755947
1474,1448479,2901444
1475,1735241,2528922
1476,1362485,2595659
1477,1355760,2197154
1478,1349655,2433408
1479,1733018,2669984
1480,1290171,2675761
1481,1588860,2381422
1482,1595681,2869916
1483,1380175,2335526
1484,1570683,2518464
1485,1158984,2258286
1486,1165100,2050942
1487,1255062,2920980
1488,1461206,2030644
1489,1757186,2741648
1490,1544129,2997680
1491,1101447,2209143
1492,1128734,2175440
1493,1237892,2370111
1494,1089636,2269447
1495,1147544,2439703
1496,1336761,2831351
1497,1634313,2814212
1498,1007642,2023434
1499,1373313,2669339
1500,1249645,2996008
1501,1898158,2378874
1502,1879362,2030147
1503,1017030,2902280
1504,1902710,2932318
1505,1696390,2925214
1506,1074522,2278124
1507,1760598,2960801
1508,1827059,2312777
1509,1874514,2155614
1510,1746589,2872347
1511,1954054,2916775
1512,1910010,2722502
1513,1729186,2094284
1514,1068359,2099231
1515,1099112,2896728
1516,1733613,2944038
1517,1579426,2471777
1518,1358771,2397998
1519,1339853,2570889
1520,1156723,2943062
1521,1984442,2068565
1522,1267062,2574971
1523,1132713,2374429
1524,1926229,2186455
1525,1505206,2611099
1526,1854183,2061594
1527,1257846,2280814
1528,1197489,2018061
1529,1658424,2130828
1530,1132701,2670518
1531,1811476,2273481
1532,1933469,2588082
1533,1337014,2299869
1534,1189696,2875846
1535,1871130,2933985
1536,1580145,2450051
1537,1728300,2787179
1538,1029739,2494412
1539,1934469,2461846
1540,1051476,2792721
1541,1349673,2626719
1542,1111666,2517648
1543,1325680,2859574
1544,1559558,2714098
1545,1862908,2375955
1546,1124368,2211094
1547,1479306,2655153
1548,1164317,2374156
1549,1195052,2242978
1550,1619136,2328329
1551,1321902,2962098
1552,1599833,2374429
1553,1844720,2177132
1554,1144778,2657852
1555,1112181,2671331
1556,1950168,2518498
1557,1892659,2863326
1558,1402271,2750964
1559,1903497,2971136
1560,1463766,2277505
1561,1749418,2821339
1562,1813404,2141069
1563,1953138,2094382
1564,1232338,2371615
1565,1798513,2300479
1566,1066078,2522180
1567,1623082,2047737
1568,1752522,2956385
1569,1411881,2748773
1570,1433908,2771917
1571,1776405,2229204
1572,1190286,2075905
1573,1154627,2685733
1574,1924252,2780255
1575,1828585,2325697
1576,1924388,2415110
1577,1502178,2327322
1578,1346856,2976647
1579,1653738,2096354
1580,1993685,2045143
1581,1577676,2882986
1582,1461581,2270841
1583,1242688,2344070
1584,1897043,2554355
1585,1486249,2298150
1586,1934009,2280086
1587,1837324,2276763
1588,1378656,2649194
1589,1179538,2872849
1590,1912674,2228075
1591,1243685,2304310
1592,1011770,2452726
1593,1396273,2041945
1594,1514004,2760508
1595,1220976,2327019
1596,1987882,2813173
1597,1310500,2664544
1598,1256867,2772318
1599,1411967,2452529
1600,1831024,2862389
1601,1775896,2268325
1602,1747038,2797441
1603,1659100,2555722
1604,1882435,2485023
1605,1685918,2926128
1606,1473927,2043422
1607,1631303,2821922
1608,1755328,2933944
1609,1530794,2410418
1610,1344242,2752057
1611,1918466,2937095
1612,1076786,2423548
1613,1930730,2638853
1614,1098871,2583674
1615,1403472,2699389
1616,1571075,2150474
1617,1508877,2742395
1618,1377070,2820200
1619,1768497,2354397
1620,1287523,2385470
1621,1919882,2344231
1622,1164545,2261360
1623,1821093,2994479
1624,1155363,2627993
1625,1885922,2270841
1626,1848955,2040216
1627,1986132,2692185
1628,1308468,2664544
1629,1020907,2202630
1630,1534909,2811048
1631,1231780,2868693
1632,1293588,2510276
1633,1905611,2454784
1634,1484686,2650900
1635,1531972,2584565
1636,1119417,2884012
1637,1216071,2467755
1638,1774824,2588188
1639,1476747,2388001
1640,1520264,2309354
1641,1265221,2554355
1642,1596068,2066682
1643,1369794,2963394
1644,1736348,2281058
1645,1706737,2257837
1646,1360791,2614975
1647,1858133,2535561
1648,1350072,2077879
1649,1104733,2000927
1650,1587496,2797943
1651,1203533,2856729
1652,1694813,2521695
1653,1322792,2099004
1654,1534428,2483290
1655,1515054,2698988
1656,1181563,2327045
1657,1698213,2327019
1658,1342261,2930124
1659,1984220,2336365
1660,1128514,2518327
1661,1990833,2197063
1662,1113486,2900859
1663,1324560,2483290
1664,1658412,2825790
1665,1985067,2119670
1666,1896737,2199051
1667,1678672,2176586
1668,1658151,2647546
1669,1618123,2820945
1670,1572315,2677148
1671,1543858,2949938
1672,1000808,2884143
1673,1209769,2861289
1674,1605838,2182938
1675,1983136,2471390
1676,1251211,2634888
1677,1422752,2370919
1678,1540064,2871550
1679,1209342,2596224
1680,1652550,2677148
1681,1621290,2627916
1682,1811160,2632474
1683,1399318,2325886
1684,1170898,2996064
1685,1477222,2501295
1686,1699980,2913811
1687,1088819,2772723
1688,1923420,2885054
1689,1347097,2298150
1690,1145866,2519601
1691,1978076,2624409
1692,1777499,2903125
1693,1267343,2844752
1694,1326082,2825006
1695,1065994,2217321
1696,1226382,2244245
1697,1273121,2766325
1698,1452028,2091058
1699,1033772,2048640
1700,1038146,2962786
1701,1478652,2045600
1702,1747708,2581840
1703,1425228,2840870
1704,1895745,2772974
1705,1951546,2228075
1706,1266495,2808240
1707,1067518,2068093
1708,1788331,2338457
1709,1735630,2664544
1710,1288246,2962643
1711,1783436,2349695
1712,1647544,2013308
1713,1675888,2002489
1714,1737189,2288969
1715,1566195,2253596
1716,1872398,2814517
1717,1845870,2331345
1718,1934694,2949029
1719,1116853,2029102
1720,1503939,2332365
1721,1559266,2899351
1722,1263599,2220834
1723,1390985,2459252
1724,1066053,2580721
1725,1777919,2308702
1726,1033499,2067329
1727,1966363,2634888
1728,1914710,2760508
1729,1535255,2389148
1730,1741138,2468446
1731,1253570,2729960
1732,1378754,2798715
1733,1743977,2276672
1734,1112098,2667866
1735,1827237,2699389
1736,1823455,2205105
1737,1301558,2753605
1738,1921720,2694286
1739,1513432,2044643
1740,1626652,2344196
1741,1713262,2562677
1742,1594841,2277073
1743,1625072,2683948
1744,1965600,2325084
1745,1787764,2521108
1746,1742138,2001657
1747,1911942,2941041
1748,1405464,2702116
1749,1502321,2098059
1750,1506464,2664544
1751,1449958,2002889
1752,1229295,2380405
1753,1435083,2068565
1754,1647047,2929171
1755,1536117,2533332
1756,1453926,2241318
